,,,#,,,,,,,,,,
,,,#,OBS. POINT 1 [pressure head cm],,,,,,,,,
,,,#,,,,,,,,,,
,,,#,,,,,,,,,,
,,,#,,,,,,,,,,
,,,#,Time,Obs,,,,Obs,,,,Obs
,,,,0.1,-754,,,,-878,,,,-920
,,,,5,-807,,,,-862,,,,-806
,,,,10,-819,,,,-859,,,,-791
,,,,15,-826,,,,-859,,,,-782
,,,,20,-828,,,,-860,,,,-780
,,,,25,-776,,,,-861,,,,-783
,,,,30,-86.8,,,,-861,,,,-786
,,,,35,-33.4,,,,-862,,,,-789
,,,,40,-23.2,,,,-862,,,,-791
,,,,45,-19.1,,,,-863,,,,-790
,,,,50,-17.1,,,,-863,,,,-789
,,,,55,-16,,,,-863,,,,-789
,,,,60,-15.4,,,,-863,,,,-788
,,,,65,-17.9,,,,-863,,,,-789
,,,,70,-14,,,,-863,,,,-789
,,,,75,-13.5,,,,-863,,,,-790
,,,,80,-12.9,,,,-863,,,,-791
,,,,85,-12.6,,,,-863,,,,-792
,,,,90,-12.4,,,,-863,,,,-793
,,,,95,-12.3,,,,-864,,,,-795
,,,,100,-12,,,,-864,,,,-796
,,,,105,-11.9,,,,-863,,,,-797
,,,,110,-11.6,,,,-851,,,,-798
,,,,115,-9.77,,,,-795,,,,-800
,,,,120,-10.8,,,,-62,,,,-801
,,,,125,-10.6,,,,-38.3,,,,-802
,,,,130,-10.1,,,,-32.9,,,,-803
,,,,135,-9.72,,,,-29.5,,,,-804
,,,,140,-9.57,,,,-26.7,,,,-804
,,,,145,-9.62,,,,-24.9,,,,-805
,,,,150,-9.1,,,,-23.2,,,,-806
,,,,155,-8.4,,,,-21.9,,,,-807
,,,,160,-8.68,,,,-21,,,,-807
,,,,165,-8.55,,,,-20,,,,-808
,,,,170,-8.38,,,,-19.1,,,,-809
,,,,175,-8.43,,,,-18.3,,,,-809
,,,,180,-8.25,,,,-17.6,,,,-810
,,,,185,-7.96,,,,-16.9,,,,-808
,,,,190,-7.43,,,,-16,,,,-800
,,,,195,-7.24,,,,-15.3,,,,-781
,,,,200,-7.21,,,,-14.9,,,,-745
,,,,205,-7.04,,,,-14.4,,,,-668
,,,,210,-7.06,,,,-14.2,,,,-476
,,,,215,-6.66,,,,-13.5,,,,-155
,,,,220,-6.34,,,,-13.5,,,,-46.7
,,,,225,-6.29,,,,-13.2,,,,-35.5
,,,,230,-6.39,,,,-13,,,,-31.8
,,,,235,-6.59,,,,-13,,,,-29
,,,,240,-6.32,,,,-12.4,,,,-26.7
,,,,245,-5.79,,,,-12.2,,,,-24.7
,,,,250,-5.77,,,,-11.8,,,,-22.8
,,,,255,-5.42,,,,-11.1,,,,-20.4
,,,,260,-4.8,,,,-10.3,,,,-17.5
,,,,265,1.83,,,,-3.24,,,,0.798
,,,,270,-15.2,,,,72.4,,,,-6.11
,,,,275,-21.9,,,,-21.7,,,,-18.5
,,,,280,-24.3,,,,-22.4,,,,-19.1
,,,,285,-24.7,,,,-22.3,,,,-18.8
,,,,290,1.78,,,,0.863,,,,-36.3
,,,,295,0.9,,,,0.266,,,,-18.1
,,,,300,-1.87,,,,-3.66,,,,-17.1
,,,,305,-7.19,,,,-8.26,,,,-16.7
,,,,310,-10.3,,,,-11.6,,,,-16.7
,,,,315,-12.3,,,,-14.1,,,,-16.8
,,,,320,-13.2,,,,-15.2,,,,-16.8
,,,,325,-13.6,,,,-15.8,,,,-16.9
,,,,330,-13,,,,-15.3,,,,-16.6
,,,,335,-13.4,,,,-16,,,,-16.8
,,,,340,-13.5,,,,-16.1,,,,-16.9
,,,,345,-13.5,,,,-16.2,,,,-17.1
,,,,350,-13.5,,,,-16.4,,,,-17.2
,,,,355,-13.6,,,,-16.1,,,,-17.2
,,,,360,-13.5,,,,-16.1,,,,-16.9
,,,,365,-13.6,,,,-16.1,,,,-16.9
,,,,370,-13.3,,,,-16.1,,,,-16.9
,,,,375,-13.6,,,,-16.2,,,,-17
,,,,380,-13.8,,,,-16.2,,,,-17
,,,,385,-13.8,,,,-16.3,,,,-17.1
,,,,390,-13.7,,,,-16.4,,,,-17.1
,,,,395,-13.7,,,,-16.6,,,,-17.3
,,,,400,-13.6,,,,-16.7,,,,-17.5
,,,,405,-13.8,,,,-16.4,,,,-17.4
,,,,410,-13.8,,,,-16.2,,,,-17.2
,,,,415,-12.8,,,,-16,,,,-17.1
,,,,420,-13.5,,,,-16.3,,,,-17.2
,,,,425,-13.7,,,,-16.3,,,,-17.2
,,,,430,-13.6,,,,-16.3,,,,-17.2
,,,,435,-13.7,,,,-16.4,,,,-17.3
,,,,440,-13.8,,,,-16.7,,,,-17.4
,,,,445,-14.1,,,,-17.2,,,,-18.1
,,,,450,-14.2,,,,-17,,,,-18.1
,,,,455,-14.3,,,,-17,,,,-17.9
,,,,460,-14.3,,,,-17,,,,-17.9
,,,,465,-14.4,,,,-17,,,,-17.9
,,,,470,-14.3,,,,-17.1,,,,-17.9
,,,,475,-14.3,,,,-17.1,,,,-18
,,,,480,-14.3,,,,-17.2,,,,-18.1
,,,,485,-14.6,,,,-17.5,,,,-18.2
,,,,490,-14.6,,,,-17.4,,,,-18.4
,,,,495,-14.4,,,,-17.1,,,,-18.2
,,,,500,-13.8,,,,-17.3,,,,-18.1
,,,,505,-14.5,,,,-17.3,,,,-18
,,,,510,-14.6,,,,-17.2,,,,-18.1
,,,,515,-13.9,,,,-17.1,,,,-18.1
,,,,520,-14.6,,,,-17.3,,,,-18.1
,,,,525,-14.7,,,,-17.6,,,,-18.2
,,,,530,-13.6,,,,-17.1,,,,-18.3
,,,,535,-14.6,,,,-17.4,,,,-18.2
,,,,540,-14.8,,,,-17.2,,,,-17.9
,,,,545,-14.7,,,,-17.4,,,,-18.1
,,,,550,-14.3,,,,-17.3,,,,-18.2
,,,,555,-14.6,,,,-17.3,,,,-18.1
,,,,560,-14.4,,,,-17.3,,,,-18.1
,,,,565,-14.6,,,,-17.5,,,,-18.3
,,,,570,-14.5,,,,-17.6,,,,-18.5
,,,,575,-13.9,,,,-17.3,,,,-18.4
,,,,580,-14.6,,,,-17.3,,,,-18.1
,,,,585,-14.8,,,,-17.4,,,,-18.1
,,,,590,-14.9,,,,-17.4,,,,-18.1
,,,,595,-14.7,,,,-17.3,,,,-18
,,,,600,-14.7,,,,-17.3,,,,-18.2
,,,,605,-14.5,,,,-17.5,,,,-18.2
,,,,610,-14.4,,,,-17.5,,,,-18.2
,,,,615,-13.7,,,,-17.1,,,,-18.3
,,,,620,-14.1,,,,-17.2,,,,-18.2
,,,,625,-14.3,,,,-17.2,,,,-17.9
,,,,630,-14.5,,,,-17.3,,,,-18
,,,,635,-14.2,,,,-17.4,,,,-18
,,,,640,-14.9,,,,-17.4,,,,-18.1
,,,,645,-14.7,,,,-17.3,,,,-18
,,,,650,-14.5,,,,-17.4,,,,-18.1
,,,,655,-14.2,,,,-17.3,,,,-18.2
,,,,660,-14.4,,,,-17.1,,,,-18
,,,,665,-14.3,,,,-16.3,,,,-17.6
,,,,670,-14.3,,,,-16.9,,,,-17.7
,,,,675,-14.3,,,,-16.8,,,,-17.7
,,,,680,-14.2,,,,-16.8,,,,-17.6
,,,,685,-14.1,,,,-16.7,,,,-17.6
,,,,690,-13.8,,,,-16.7,,,,-17.6
,,,,695,-14,,,,-16.9,,,,-17.8
,,,,700,-14,,,,-16.9,,,,-17.8
,,,,705,-13.9,,,,-16.6,,,,-17.6
,,,,710,-13.2,,,,-16.3,,,,-17.4
,,,,715,-13.9,,,,-16.5,,,,-17.4
,,,,720,-13.9,,,,-16.5,,,,-17.5
,,,,725,-14,,,,-16.5,,,,-17.5
,,,,730,-14,,,,-16.5,,,,-17.5
,,,,735,-13.8,,,,-16.5,,,,-17.5
,,,,740,-13.7,,,,-16.7,,,,-17.6
,,,,745,-13.6,,,,-16.5,,,,-17.7
,,,,750,-13.5,,,,-16.3,,,,-17.5
,,,,755,-13.3,,,,-16.2,,,,-17.3
,,,,760,-13.6,,,,-16.2,,,,-17.2
,,,,765,-13.5,,,,-16.1,,,,-17.3
,,,,770,-13.4,,,,-16.2,,,,-17.2
,,,,775,-13.5,,,,-16.2,,,,-17.3
,,,,780,-13.1,,,,-16.5,,,,-17.4
,,,,785,-13.3,,,,-16.5,,,,-17.5
,,,,790,-13.4,,,,-16.3,,,,-17.6
,,,,795,-13.3,,,,-16.2,,,,-17.4
,,,,800,-13.3,,,,-16.1,,,,-17.2
,,,,805,-13.3,,,,-16,,,,-17.2
,,,,810,-13.2,,,,-16.1,,,,-17.1
,,,,815,-13,,,,-15.9,,,,-17.1
,,,,820,-12.8,,,,-15.6,,,,-17.1
,,,,825,-13.1,,,,-16.1,,,,-17.2
,,,,830,-13.1,,,,-16.2,,,,-17.4
,,,,835,-13,,,,-16,,,,-17.5
,,,,840,-13.1,,,,-16,,,,-17.3
,,,,845,-13.1,,,,-15.9,,,,-17.1
,,,,850,-12.3,,,,-15.8,,,,-17
,,,,855,-12.9,,,,-15.9,,,,-17.1
,,,,860,-12.9,,,,-15.9,,,,-17.1
,,,,865,-12.9,,,,-15.9,,,,-17.1
,,,,870,-12.9,,,,-15.9,,,,-17.1
,,,,875,-12.9,,,,-16,,,,-17.2
,,,,880,-12.9,,,,-16.2,,,,-17.4
,,,,885,-13,,,,-16,,,,-17.4
,,,,890,-13,,,,-15.9,,,,-17.1
,,,,895,-13,,,,-15.9,,,,-17
,,,,900,-12.9,,,,-15.7,,,,-17
,,,,905,-12.9,,,,-15.8,,,,-17
,,,,910,-12.8,,,,-15.6,,,,-17
,,,,915,-12.9,,,,-15.8,,,,-17
,,,,920,-12.9,,,,-15.9,,,,-17
,,,,925,-12.7,,,,-16.1,,,,-17.2
,,,,930,-12.9,,,,-16,,,,-17.3
,,,,935,-12.4,,,,-15.7,,,,-17.1
,,,,940,-12.8,,,,-15.7,,,,-16.9
,,,,945,-12.7,,,,-15.5,,,,-16.9
,,,,950,-11.1,,,,-13.7,,,,-16.4
,,,,955,-12.5,,,,-16.2,,,,-17
,,,,960,-13,,,,-15.8,,,,-17
,,,,965,-12.9,,,,-15.7,,,,-17
,,,,970,-12.3,,,,-14.8,,,,-16.8
,,,,975,-12.3,,,,-15.9,,,,-17.3
,,,,980,-12.6,,,,-15.8,,,,-17.3
,,,,985,-12.9,,,,-15.7,,,,-16.8
,,,,990,-12,,,,-15.6,,,,-16.8
,,,,995,-12.7,,,,-15.5,,,,-16.9
,,,,1000,-12.2,,,,-15.7,,,,-16.6
,,,,1010,-12.7,,,,-14.8,,,,-16.9
,,,,1010,-12.7,,,,-15.7,,,,-17
,,,,1020,-12.5,,,,-15.7,,,,-17.2
,,,,1020,-12.5,,,,-15.8,,,,-17
,,,,1030,-12.4,,,,-15.6,,,,-16.9
,,,,1030,-12.5,,,,-15.5,,,,-16.8
,,,,1040,-12.5,,,,-15.5,,,,-16.8
,,,,1040,-12.4,,,,-15.5,,,,-16.8
,,,,1050,-12.4,,,,-15.4,,,,-16.8
,,,,1050,-12.4,,,,-15.4,,,,-16.8
,,,,1060,-12.4,,,,-15.4,,,,-16.8
,,,,1060,-12.4,,,,-15.5,,,,-16.9
,,,,1070,-11.6,,,,-15.6,,,,-17.1
,,,,1070,-12.3,,,,-15.5,,,,-16.9
,,,,1080,-12.4,,,,-15.5,,,,-16.7
,,,,1080,-12.4,,,,-15.4,,,,-16.6
,,,,1090,-12.2,,,,-15.3,,,,-16.7
,,,,1090,-12.2,,,,-15.3,,,,-16.7
,,,,1100,-12.4,,,,-15.3,,,,-17
,,,,1100,-12.5,,,,-15.6,,,,-17
,,,,1110,-12.5,,,,-15.6,,,,-17.1
,,,,1110,-12.4,,,,-15.7,,,,-17.2
,,,,1120,-12.4,,,,-15.8,,,,-17.3
,,,,1120,-12.4,,,,-16,,,,-17
,,,,1130,-12.4,,,,-15.6,,,,-16.8
,,,,1130,-12.4,,,,-15.5,,,,-16.8
,,,,1140,-12.5,,,,-15.5,,,,-16.8
,,,,1140,-12.4,,,,-15.5,,,,-16.8
,,,,1150,-12.4,,,,-15.5,,,,-16.8
,,,,1150,-12.4,,,,-15.5,,,,-16.9
,,,,1160,-12.4,,,,-15.5,,,,-17
,,,,1160,-12.4,,,,-15.7,,,,-17.3
,,,,1170,-12.4,,,,-16,,,,-17.2
,,,,1170,-11.9,,,,-15.9,,,,-17
,,,,1180,-12.6,,,,-15.9,,,,-16.9
,,,,1180,-12.5,,,,-15.7,,,,-16.8
,,,,1190,-12.4,,,,-15.5,,,,-16.9
,,,,1190,-12.3,,,,-15.5,,,,-16.7
,,,,1200,-11.3,,,,-15.4,,,,-16.8
,,,,1200,-12.3,,,,-15.2,,,,-16.8
,,,,1210,-12.4,,,,-15.5,,,,-16.9
,,,,1210,-12.6,,,,-15.5,,,,-17.2
,,,,1220,-12.7,,,,-15.9,,,,-17.1
,,,,1220,-12.6,,,,-16,,,,-16.9
,,,,1230,-12.4,,,,-15.7,,,,-16.7
,,,,1230,-12.2,,,,-15.3,,,,-16.6
,,,,1240,-12.2,,,,-15.2,,,,-16.6
,,,,1240,-12.2,,,,-15.2,,,,-16.6
,,,,1250,-12.1,,,,-15.2,,,,-16.6
,,,,1250,-12.1,,,,-15.2,,,,-16.6
,,,,1260,-12,,,,-15.2,,,,-16.6
,,,,1260,-11.9,,,,-15.2,,,,-16.8
,,,,1270,-12,,,,-15,,,,-16.9
,,,,1270,-12.3,,,,-15.6,,,,-16.6
,,,,1280,-12,,,,-15.2,,,,-16.4
,,,,1280,-11.9,,,,-15.1,,,,-16.3
,,,,1290,-11.9,,,,-15,,,,-16.4
,,,,1290,-11.1,,,,-15,,,,-16.4
,,,,1300,-11.8,,,,-15,,,,-16.4
,,,,1300,-11.9,,,,-15.3,,,,-16.3
,,,,1310,-11.9,,,,-14.8,,,,-16.5
,,,,1310,-11.9,,,,-14.8,,,,-16.6
,,,,1320,-11.9,,,,-15,,,,-16.6
,,,,1320,-11.9,,,,-15.2,,,,-16.5
,,,,1330,-11.9,,,,-15,,,,-16.3
,,,,1330,-12,,,,-15,,,,-16.3
,,,,1340,-12.4,,,,-15,,,,-16.8
,,,,1340,-12.5,,,,-15.5,,,,-16.9
,,,,1350,-12.5,,,,-15.4,,,,-16.9
,,,,1350,-12.4,,,,-15.5,,,,-16.9
,,,,1360,-12.3,,,,-15.5,,,,-16.8
,,,,1360,-12.2,,,,-15.4,,,,-17
,,,,1370,-12.1,,,,-15.4,,,,-17.2
,,,,1370,-12.1,,,,-15.7,,,,-16.9
,,,,1380,-12.1,,,,-15.3,,,,-16.7
,,,,1380,-12.1,,,,-15.2,,,,-16.6
,,,,1390,-12,,,,-15,,,,-16.7
,,,,1390,-11.9,,,,-15.2,,,,-16.6
,,,,1400,-11.9,,,,-14.9,,,,-16.7
,,,,1400,-11.9,,,,-15.2,,,,-16.7
,,,,1410,-11.8,,,,-15.2,,,,-16.7
,,,,1410,-11.8,,,,-15,,,,-16.7
,,,,1420,-11.8,,,,-15.2,,,,-17.1
,,,,1420,-11.8,,,,-15.6,,,,-17
,,,,1430,-11.8,,,,-15.6,,,,-16.7
,,,,1430,-11.8,,,,-15.4,,,,-16.6
,,,,1440,-11.7,,,,-14.8,,,,-16.5
,,,,1440,-12.8,,,,-16.2,,,,-16
,,,,1450,-12.7,,,,-16.3,,,,-16
,,,,1450,-12.7,,,,-16,,,,-15.8
,,,,1460,-12.6,,,,-15.7,,,,-16
,,,,1460,-11.7,,,,-16.1,,,,-15.9
,,,,1470,-12.7,,,,-16,,,,-16.1
,,,,1470,-12.9,,,,-16.3,,,,-16.4
,,,,1480,-12.7,,,,-16.6,,,,-16.1
,,,,1480,-12.7,,,,-16.2,,,,-15.9
,,,,1490,-12.2,,,,-16.1,,,,-15.7
,,,,1490,-12.6,,,,-15.4,,,,-15.8
,,,,1500,-12.6,,,,-16.1,,,,-15.8
,,,,1500,-12.5,,,,-16,,,,-15.9
,,,,1510,-12.4,,,,-16.3,,,,-15.7
,,,,1510,-12.3,,,,-15.7,,,,-15.8
,,,,1520,-12.4,,,,-15.8,,,,-15.9
,,,,1520,-11.8,,,,-16,,,,-16.1
,,,,1530,-12.7,,,,-16.3,,,,-15.8
,,,,1530,-12.6,,,,-15.8,,,,-15.6
,,,,1540,-12.6,,,,-15.8,,,,-15.6
,,,,1540,-12.4,,,,-15.5,,,,-15.5
,,,,1550,-12.3,,,,-15.5,,,,-15.5
,,,,1550,-12.3,,,,-15.6,,,,-15.6
,,,,1560,-12.3,,,,-15.7,,,,-15.6
,,,,1560,-11.9,,,,-15.8,,,,-15.7
,,,,1570,-12.2,,,,-15.7,,,,-15.9
,,,,1570,-12.3,,,,-16,,,,-15.9
,,,,1580,-12.2,,,,-16.1,,,,-15.5
,,,,1580,-12,,,,-15.7,,,,-15.3
,,,,1590,-12.1,,,,-15.5,,,,-15.4
,,,,1590,-12.2,,,,-15.6,,,,-15.4
,,,,1600,-12.2,,,,-15.6,,,,-15.4
,,,,1600,-12.1,,,,-15.6,,,,-15.4
,,,,1610,-12.2,,,,-15.5,,,,-15.5
,,,,1610,-12,,,,-15.7,,,,-15.7
,,,,1620,-12,,,,-15.8,,,,-15.7
,,,,1620,-12,,,,-15.9,,,,-15.4
,,,,1630,-12,,,,-15.4,,,,-15.3
,,,,1630,-12,,,,-15.4,,,,-15.3
,,,,1640,-10.7,,,,-15.5,,,,-15
,,,,1640,-11.7,,,,-14.5,,,,-15.2
,,,,1650,-12.1,,,,-15.2,,,,-15.2
,,,,1650,-12.1,,,,-15.5,,,,-15.2
,,,,1660,-12.1,,,,-15.4,,,,-15.3
,,,,1660,-12.1,,,,-15.5,,,,-15.4
,,,,1670,-12.1,,,,-15.6,,,,-15.5
,,,,1670,-12.1,,,,-15.7,,,,-15.2
,,,,1680,-12.1,,,,-15.4,,,,-15.1
,,,,1680,-12.1,,,,-15.2,,,,-15.1
,,,,1690,-12,,,,-15.3,,,,-15
,,,,1690,-12,,,,-15,,,,-15.1
,,,,1700,-12,,,,-15.4,,,,-15.1
,,,,1700,-11.8,,,,-15.3,,,,-15.1
,,,,1710,-11.9,,,,-15.4,,,,-15.4
,,,,1710,-11.8,,,,-15.7,,,,-15.5
,,,,1720,-12.6,,,,-15.6,,,,-13.9
,,,,1720,-12.5,,,,-16,,,,-16.2
,,,,1730,-12.7,,,,-16.3,,,,-16.2
,,,,1730,-12.3,,,,-16.5,,,,-15.8
,,,,1740,-14,,,,-15.7,,,,-18.7
,,,,1740,-14.8,,,,-18.7,,,,-18.7
,,,,1750,-14.8,,,,-18.7,,,,-18.6
,,,,1750,-14.8,,,,-18.7,,,,-18.7
,,,,1760,-14.7,,,,-18.7,,,,-18.8
,,,,1760,-14.6,,,,-18.9,,,,-18.6
,,,,1770,-14.6,,,,-18.6,,,,-18.4
,,,,1770,-14.6,,,,-18.4,,,,-18.3
,,,,1780,-14.5,,,,-18.4,,,,-18.3
,,,,1780,-14,,,,-18.4,,,,-18.4
,,,,1790,-14.5,,,,-18.4,,,,-18.4
,,,,1790,-14.7,,,,-18.2,,,,-18.4
,,,,1800,-14.7,,,,-18.5,,,,-18.6
,,,,1800,-14.8,,,,-18.7,,,,-18.7
,,,,1810,-14.7,,,,-18.9,,,,-18.6
,,,,1810,-14.7,,,,-18.6,,,,-18.5
,,,,1820,-14.6,,,,-18.3,,,,-18.5
,,,,1820,-14.7,,,,-18.4,,,,-18.6
,,,,1830,-14.7,,,,-18.5,,,,-18.6
,,,,1830,-14.6,,,,-18.6,,,,-18.6
,,,,1840,-14.6,,,,-18.4,,,,-18.6
,,,,1840,-14.5,,,,-18.5,,,,-18.7
,,,,1850,-14.5,,,,-18.6,,,,-18.9
,,,,1850,-14.5,,,,-19.1,,,,-18.8
,,,,1860,-14.5,,,,-18.9,,,,-18.6
,,,,1860,-14.5,,,,-18.7,,,,-18.5
,,,,1870,-14.6,,,,-18.3,,,,-18.7
,,,,1870,-14.5,,,,-18.8,,,,-18.6
,,,,1880,-14.5,,,,-18.6,,,,-18.6
,,,,1880,-14.4,,,,-18.4,,,,-18.6
,,,,1890,-14.4,,,,-18.6,,,,-18.7
,,,,1890,-14.3,,,,-18.3,,,,-18.9
,,,,1900,-14.4,,,,-18.9,,,,-18.9
,,,,1900,-14.4,,,,-18.9,,,,-18.7
,,,,1910,-14.5,,,,-18.7,,,,-18.6
,,,,1910,-14.3,,,,-18.7,,,,-18.6
,,,,1920,-14.3,,,,-18.3,,,,-18.6
,,,,1920,-14.3,,,,-18.5,,,,-18.6
,,,,1930,-14.4,,,,-18.6,,,,-18.7
,,,,1930,-14.4,,,,-18.7,,,,-18.8
,,,,1940,-14.4,,,,-18.7,,,,-19
,,,,1940,-14.4,,,,-19.1,,,,-18.9
,,,,1950,-14.3,,,,-18.5,,,,-18.6
,,,,1950,-14.2,,,,-18.2,,,,-18.6
,,,,1960,-14.4,,,,-18.6,,,,-18.6
,,,,1960,-14.5,,,,-18.5,,,,-18.7
,,,,1970,-14.4,,,,-18.8,,,,-18.7
,,,,1970,-14.4,,,,-18.8,,,,-18.7
,,,,1980,-14.3,,,,-18.8,,,,-18.9
,,,,1980,-14.3,,,,-18.8,,,,-19
,,,,1990,-14.3,,,,-19.2,,,,-18.9
,,,,1990,-14.3,,,,-18.8,,,,-18.8
,,,,2000,-14.4,,,,-18.8,,,,-18.7
,,,,2000,-14.4,,,,-18.8,,,,-18.8
,,,,2010,-14.3,,,,-18.9,,,,-18.8
,,,,2010,-14.4,,,,-18.6,,,,-18.8
,,,,2020,-14.4,,,,-18.8,,,,-18.8
,,,,2020,-14.3,,,,-18.8,,,,-19
,,,,2030,-14.3,,,,-18.9,,,,-19.1
,,,,2030,-14.2,,,,-19.1,,,,-19
,,,,2040,-14.3,,,,-18.9,,,,-18.8
,,,,2040,-14.3,,,,-18.7,,,,-18.9
,,,,2050,-14.3,,,,-18.8,,,,-18.8
,,,,2050,-14.3,,,,-18.6,,,,-18.9
,,,,2060,-14.3,,,,-18.7,,,,-18.9
,,,,2060,-14.5,,,,-18.7,,,,-19
,,,,2070,-14.6,,,,-19.1,,,,-19.2
,,,,2070,-14.6,,,,-19.2,,,,-19.3
,,,,2080,-14.6,,,,-19.4,,,,-19.1
,,,,2080,-14.6,,,,-19.2,,,,-18.9
,,,,2090,-14.6,,,,-19,,,,-18.8
,,,,2090,-14.7,,,,-18.8,,,,-18.8
,,,,2100,-14.6,,,,-18.6,,,,-18.8
,,,,2100,-14.5,,,,-18.8,,,,-18.8
,,,,2110,-14.5,,,,-18.9,,,,-18.9
,,,,2110,-14.3,,,,-18.9,,,,-19
,,,,2120,-14.1,,,,-19,,,,-19.2
,,,,2120,-14.6,,,,-19.3,,,,-19
,,,,2130,-14.5,,,,-19,,,,-18.8
,,,,2130,-14.4,,,,-18.6,,,,-18.7
,,,,2140,-14.3,,,,-18.3,,,,-18.8
,,,,2140,-14.1,,,,-18.8,,,,-18.7
,,,,2150,-14.2,,,,-18.4,,,,-18.7
,,,,2150,-14.1,,,,-18.3,,,,-18.7
,,,,2160,-14,,,,-18.3,,,,-18.9
,,,,2160,-14.1,,,,-18.3,,,,-19
,,,,2170,-14,,,,-19,,,,-18.8
,,,,2170,-14,,,,-18.7,,,,-18.6
,,,,2180,-14,,,,-18.4,,,,-18.6
,,,,2180,-13.9,,,,-18.5,,,,-18.7
,,,,2190,-13.6,,,,-18.5,,,,-18.6
,,,,2190,-13.8,,,,-18.2,,,,-18.6
,,,,2200,-13.9,,,,-18,,,,-18.7
,,,,2200,-13.9,,,,-18.5,,,,-18.8
,,,,2210,-13.8,,,,-18.6,,,,-18.9
,,,,2210,-13.8,,,,-18.7,,,,-18.8
,,,,2220,-13.7,,,,-18.4,,,,-18.6
,,,,2220,-13.6,,,,-18.4,,,,-18.6
,,,,2230,-13.6,,,,-18.3,,,,-18.5
,,,,2230,-13.6,,,,-18.1,,,,-18.5
,,,,2240,-13.6,,,,-17.8,,,,-18.6
,,,,2240,-13.6,,,,-18.4,,,,-18.6
,,,,2250,-13.5,,,,-18.3,,,,-18.7
,,,,2250,-13.5,,,,-18.2,,,,-18.8
,,,,2260,-13.6,,,,-18.3,,,,-18.8
,,,,2260,-13.5,,,,-18.4,,,,-18.6
,,,,2270,-13.5,,,,-18.2,,,,-18.5
,,,,2270,-13.4,,,,-18.2,,,,-18.5
,,,,2280,-11.6,,,,-18.2,,,,-18.4
,,,,2280,-13.1,,,,-17.6,,,,-18.6
,,,,2290,-13.4,,,,-18.1,,,,-18.6
,,,,2290,-13.5,,,,-18.2,,,,-18.7
,,,,2300,-13.5,,,,-18.4,,,,-18.9
,,,,2300,-13.5,,,,-18.6,,,,-18.7
,,,,2310,-13.4,,,,-18.3,,,,-18.6
,,,,2310,-13.2,,,,-18.2,,,,-18.5
,,,,2320,-13.1,,,,-18.1,,,,-18.5
,,,,2320,-13.1,,,,-18,,,,-18.5
,,,,2330,-13.1,,,,-18,,,,-18.6
,,,,2330,-13.2,,,,-18.1,,,,-18.6
,,,,2340,-13.2,,,,-18.1,,,,-18.7
,,,,2340,-13,,,,-18.2,,,,-18.8
,,,,2350,-13.1,,,,-18.3,,,,-18.7
,,,,2350,-13.1,,,,-18.2,,,,-18.6
,,,,2360,-13,,,,-18.2,,,,-18.4
,,,,2360,-13,,,,-17.6,,,,-18.6
,,,,2370,-13.1,,,,-18,,,,-18.6
,,,,2370,-13,,,,-18.1,,,,-18.5
,,,,2380,-13,,,,-17.9,,,,-18.6
,,,,2380,-13,,,,-18,,,,-18.6
,,,,2390,-13,,,,-18,,,,-18.7
,,,,2390,-12.9,,,,-17.9,,,,-18.9
,,,,2400,-12.9,,,,-18.2,,,,-18.6
,,,,2400,-12.7,,,,-18.2,,,,-18.5
,,,,2410,-12.8,,,,-17.8,,,,-18.4
,,,,2410,-13,,,,-17.7,,,,-18.5
,,,,2420,-12.8,,,,-18,,,,-18.5
,,,,2420,-12.8,,,,-17.8,,,,-18.5
,,,,2430,-12.8,,,,-17.9,,,,-18.7
,,,,2430,-12.7,,,,-18,,,,-18.7
,,,,2440,-12.7,,,,-18.1,,,,-18.5
,,,,2440,-12.6,,,,-17.9,,,,-18.4
,,,,2450,-11.6,,,,-17.5,,,,-18.4
,,,,2450,-12.4,,,,-17.7,,,,-18.4
,,,,2460,-12.6,,,,-17.8,,,,-18.4
,,,,2460,-12.6,,,,-17.8,,,,-18.4
,,,,2470,-12.6,,,,-17.7,,,,-18.4
,,,,2470,-12.7,,,,-17.7,,,,-18.6
,,,,2480,-12.6,,,,-17.9,,,,-18.7
,,,,2480,-12.5,,,,-18.1,,,,-18.5
,,,,2490,-12.7,,,,-17.9,,,,-18.3
,,,,2490,-12.5,,,,-17.2,,,,-18.3
,,,,2500,-12.6,,,,-17.7,,,,-18.3
,,,,2500,-12.3,,,,-17.6,,,,-18.3
,,,,2510,-12.6,,,,-17.7,,,,-18.3
,,,,2510,-12.5,,,,-17.7,,,,-18.4
,,,,2520,-12.4,,,,-17.6,,,,-18.5
,,,,2520,-12.3,,,,-17.8,,,,-18.7
,,,,2530,-12.3,,,,-18,,,,-18.6
,,,,2530,-12.4,,,,-18,,,,-18.5
,,,,2540,-12.4,,,,-17.8,,,,-18.8
,,,,2540,-12.4,,,,-17.7,,,,-18.8
,,,,2550,-12.7,,,,-18.1,,,,-18.9
,,,,2550,-12.9,,,,-18.3,,,,-19
,,,,2560,-12.7,,,,-18.1,,,,-19
,,,,2560,-12.8,,,,-18.2,,,,-18.9
,,,,2570,-12.7,,,,-18.1,,,,-18.9
,,,,2570,-12.7,,,,-18,,,,-19.2
,,,,2580,-12.8,,,,-18.6,,,,-19.3
,,,,2580,-12.7,,,,-18.5,,,,-19
,,,,2590,-12.6,,,,-18.1,,,,-18.8
,,,,2590,-12.6,,,,-18,,,,-18.8
,,,,2600,-12.5,,,,-17.9,,,,-18.8
,,,,2600,-12.5,,,,-17.9,,,,-18.8
,,,,2610,-12.4,,,,-17.9,,,,-18.8
,,,,2610,-12.3,,,,-17.8,,,,-18.7
,,,,2620,-12.4,,,,-17.8,,,,-18.8
,,,,2620,-12.3,,,,-17.9,,,,-19
,,,,2630,-12.3,,,,-18.2,,,,-19.1
,,,,2630,-12.3,,,,-18.4,,,,-18.8
,,,,2640,-12.3,,,,-17.6,,,,-18.7
,,,,2640,-12.2,,,,-17.7,,,,-18.6
,,,,2650,-12.2,,,,-17.6,,,,-18.6
,,,,2650,-12.2,,,,-17.6,,,,-18.7
,,,,2660,-12.1,,,,-17.7,,,,-18.7
,,,,2660,-12.1,,,,-17.8,,,,-18.6
,,,,2670,-12.1,,,,-17.8,,,,-18.7
,,,,2670,-12,,,,-17.8,,,,-18.8
,,,,2680,-12,,,,-17.9,,,,-18.9
,,,,2680,-12,,,,-18,,,,-18.7
,,,,2690,-11.9,,,,-17.8,,,,-18.6
,,,,2690,-11.9,,,,-17.7,,,,-18.5
,,,,2700,-11.8,,,,-17.6,,,,-18.5
,,,,2700,-11.9,,,,-17.5,,,,-18.5
,,,,2710,-11.9,,,,-17.5,,,,-18.6
,,,,2710,-11.8,,,,-17.6,,,,-18.6
,,,,2720,-11.8,,,,-17.6,,,,-18.5
,,,,2720,-11.7,,,,-17.3,,,,-18.6
,,,,2730,-11.6,,,,-17.3,,,,-18.7
,,,,2730,-11.6,,,,-17.5,,,,-18.6
,,,,2740,-11.5,,,,-17.5,,,,-18.5
,,,,2740,-11.7,,,,-17.4,,,,-18.3
,,,,2750,-11.4,,,,-17.1,,,,-18.3
,,,,2750,-11.6,,,,-17.3,,,,-18.4
,,,,2760,-11.5,,,,-17.3,,,,-18.3
,,,,2760,-11.4,,,,-16.9,,,,-18.4
,,,,2770,-11.5,,,,-17.2,,,,-18.4
,,,,2770,-11.4,,,,-17.2,,,,-18.4
,,,,2780,-11.3,,,,-17.2,,,,-18.5
,,,,2780,-11.3,,,,-17.1,,,,-18.6
,,,,2790,-11.4,,,,-17.5,,,,-18.3
,,,,2790,-11.3,,,,-17.2,,,,-18.2
,,,,2800,-11.2,,,,-17,,,,-18.2
,,,,2800,-11.1,,,,-16.8,,,,-18.1
,,,,2810,-11.1,,,,-16.6,,,,-18.1
,,,,2810,-11,,,,-16.5,,,,-18.2
,,,,2820,-11.1,,,,-17.1,,,,-18.1
,,,,2820,-11.1,,,,-17,,,,-18.1
,,,,2830,-9.95,,,,-16.7,,,,-18.4
,,,,2830,-11,,,,-17.1,,,,-18.4
,,,,2840,-11.2,,,,-17.2,,,,-18.2
,,,,2840,-11.3,,,,-17,,,,-18.2
,,,,2850,-11.2,,,,-16.9,,,,-18
,,,,2850,-11,,,,-16.7,,,,-18
,,,,2860,-11.1,,,,-16.8,,,,-18.1
,,,,2860,-10.9,,,,-16.8,,,,-18
,,,,2870,-10.9,,,,-16.3,,,,-18.1
,,,,2870,-11,,,,-16.8,,,,-18.1
,,,,2880,-10.9,,,,-16.9,,,,-18.3
,,,,2880,-10.9,,,,-17,,,,-18.4
,,,,2890,-10.9,,,,-17.2,,,,-18.2
,,,,2890,-10.9,,,,-16.9,,,,-18
,,,,2900,-10.7,,,,-16.3,,,,-17.9
,,,,2900,-10.7,,,,-16.4,,,,-18
,,,,2910,-10.7,,,,-16.6,,,,-18
,,,,2910,-10.8,,,,-16.7,,,,-18
,,,,2920,-10.6,,,,-16.5,,,,-18
,,,,2920,-10.6,,,,-16.6,,,,-17.9
,,,,2930,-10.5,,,,-16.4,,,,-18.1
,,,,2930,-10.6,,,,-16.8,,,,-18.3
,,,,2940,-10.4,,,,-16.8,,,,-18.3
,,,,2940,-10.5,,,,-16.8,,,,-18
,,,,2950,-10.4,,,,-16.6,,,,-17.9
,,,,2950,-10.4,,,,-16.4,,,,-17.8
,,,,2960,-10.4,,,,-16.2,,,,-17.9
,,,,2960,-10.6,,,,-16.4,,,,-17.9
,,,,2970,-10.5,,,,-16.5,,,,-17.9
,,,,2970,-10.4,,,,-16.5,,,,-17.8
,,,,2980,-10.3,,,,-16.4,,,,-17.9
,,,,2980,-10.3,,,,-16.4,,,,-18
,,,,2990,-10.3,,,,-16.6,,,,-18.1
,,,,2990,-10.2,,,,-16.6,,,,-17.9
,,,,3000,-10.2,,,,-16.4,,,,-17.7
,,,,3000,-10.2,,,,-16.2,,,,-17.7
,,,,3010,-10.1,,,,-16.2,,,,-17.7
,,,,3010,-10.1,,,,-16.2,,,,-17.8
,,,,3020,-10.1,,,,-16.3,,,,-17.8
,,,,3020,-10.1,,,,-16.2,,,,-17.8
,,,,3030,-10.1,,,,-16.3,,,,-17.8
,,,,3030,-10.1,,,,-16.2,,,,-17.9
,,,,3040,-9.95,,,,-16.1,,,,-18
,,,,3040,-9.88,,,,-16.2,,,,-17.7
,,,,3050,-9.88,,,,-15.9,,,,-17.6
,,,,3050,-9.88,,,,-15.8,,,,-17.6
,,,,3060,-9.83,,,,-15.7,,,,-17.6
,,,,3060,-9.8,,,,-15.7,,,,-17.6
,,,,3070,-9.8,,,,-15.7,,,,-17.6
,,,,3070,-9.78,,,,-15.7,,,,-17.7
,,,,3080,-9.75,,,,-15.9,,,,-17.8
,,,,3080,-9.7,,,,-16.1,,,,-18
,,,,3090,-9.73,,,,-16.2,,,,-17.7
,,,,3090,-9.7,,,,-16,,,,-17.6
,,,,3100,-9.63,,,,-15.8,,,,-17.5
,,,,3100,-9.65,,,,-15.7,,,,-17.5
,,,,3110,-9.55,,,,-15.7,,,,-17.5
,,,,3110,-9.5,,,,-15.7,,,,-17.5
,,,,3120,-9.5,,,,-15.7,,,,-17.4
,,,,3120,-9.45,,,,-15.6,,,,-17.6
,,,,3130,-9.45,,,,-15.8,,,,-17.8
,,,,3130,-9.43,,,,-16,,,,-17.6
,,,,3140,-9.43,,,,-16,,,,-17.5
,,,,3140,-9.38,,,,-15.7,,,,-17.2
,,,,3150,-8.88,,,,-14,,,,-17.3
,,,,3150,-8.51,,,,-15.1,,,,-17.4
,,,,3160,-9.43,,,,-15.5,,,,-17.4
,,,,3160,-9.45,,,,-15.7,,,,-17.4
,,,,3170,-9.55,,,,-15.6,,,,-17.5
,,,,3170,-9.7,,,,-15.8,,,,-17.6
,,,,3180,-9.7,,,,-15.8,,,,-17.7
,,,,3180,-9.58,,,,-16,,,,-17.5
,,,,3190,-9.58,,,,-15.7,,,,-17.3
,,,,3190,-9.5,,,,-15.5,,,,-17.3
,,,,3200,-9.38,,,,-15.5,,,,-17.3
,,,,3200,-9.45,,,,-15.5,,,,-17.4
,,,,3210,-9.45,,,,-15.4,,,,-17.4
,,,,3210,-9.35,,,,-15.5,,,,-17.4
,,,,3220,-9.3,,,,-15.4,,,,-17.5
,,,,3220,-9.35,,,,-15.6,,,,-17.6
,,,,3230,-9.28,,,,-15.7,,,,-17.6
,,,,3230,-9.25,,,,-15.7,,,,-17.3
,,,,3240,-9.18,,,,-15.4,,,,-17.2
,,,,3240,-9.16,,,,-15.2,,,,-17.2
,,,,3250,-9.13,,,,-15.2,,,,-17.2
,,,,3250,-9.03,,,,-15.2,,,,-17.2
,,,,3260,-9.06,,,,-15.1,,,,-17.2
,,,,3260,-9.06,,,,-15.3,,,,-17.2
,,,,3270,-9.06,,,,-15.3,,,,-17.4
,,,,3270,-9.03,,,,-15.4,,,,-17.6
,,,,3280,-8.98,,,,-15.5,,,,-17.4
,,,,3280,-9.13,,,,-15.4,,,,-17.2
,,,,3290,-8.88,,,,-15.1,,,,-17.2
,,,,3290,-8.91,,,,-15.1,,,,-17.1
,,,,3300,-8.93,,,,-14.8,,,,-17.1
,,,,3300,-8.83,,,,-15.1,,,,-17.2
,,,,3310,-8.96,,,,-15.1,,,,-17.2
,,,,3310,-8.86,,,,-15.1,,,,-17.3
,,,,3320,-8.91,,,,-15.2,,,,-17.4
,,,,3320,-8.78,,,,-15.3,,,,-17.4
,,,,3330,-8.78,,,,-15.4,,,,-17.2
,,,,3330,-8.73,,,,-15.1,,,,-17.1
,,,,3340,-8.81,,,,-15,,,,-17.1
,,,,3340,-8.76,,,,-14.9,,,,-17.1
,,,,3350,-8.78,,,,-15,,,,-17.1
,,,,3350,-8.71,,,,-14.9,,,,-17.1
,,,,3360,-8.71,,,,-15,,,,-17.1
,,,,3360,-8.71,,,,-15,,,,-17.2
,,,,3370,-8.51,,,,-15,,,,-17.4
,,,,3370,-8.58,,,,-15.3,,,,-17.2
,,,,3380,-8.68,,,,-15,,,,-19.2
,,,,3380,-8.63,,,,-16,,,,-20.7
,,,,3390,-10.8,,,,-18.2,,,,-14.1
,,,,3390,-11.4,,,,-14.8,,,,-18.2
,,,,3400,-9.83,,,,-16.1,,,,-18.4
,,,,3400,-9.83,,,,-16.2,,,,-18.4
,,,,3410,-9.68,,,,-16,,,,-18.4
,,,,3410,-9.75,,,,-16.2,,,,-18.6
,,,,3420,-9.6,,,,-16.4,,,,-18.6
,,,,3420,-9.6,,,,-16.4,,,,-18.3
,,,,3430,-9.55,,,,-15.9,,,,-18.2
,,,,3430,-9.6,,,,-16,,,,-18.2
,,,,3440,-9.53,,,,-15.8,,,,-18.2
,,,,3440,-9.5,,,,-15.9,,,,-18.2
,,,,3450,-9.45,,,,-15.9,,,,-18.2
,,,,3450,-9.45,,,,-15.9,,,,-18.3
,,,,3460,-9.35,,,,-16,,,,-18.6
,,,,3460,-9.4,,,,-16.3,,,,-18.8
,,,,3470,-9.48,,,,-16.4,,,,-18.5
,,,,3470,-9.45,,,,-16.1,,,,-18.3
,,,,3480,-9.53,,,,-16,,,,-18.4
,,,,3480,-9.48,,,,-16.1,,,,-18.3
,,,,3490,-9.53,,,,-16.1,,,,-18.3
,,,,3490,-9.4,,,,-16.2,,,,-18.4
,,,,3500,-9.23,,,,-16.2,,,,-18.5
,,,,3500,-9.75,,,,-16.6,,,,-18.8
,,,,3510,-9.75,,,,-16.8,,,,-18.8
,,,,3510,-9.85,,,,-16.9,,,,-18.6
,,,,3520,-9.95,,,,-16.5,,,,-18.4
,,,,3520,-10,,,,-16.3,,,,-18.4
,,,,3530,-9.97,,,,-16.1,,,,-18.4
,,,,3530,-9.97,,,,-16.3,,,,-18.4
,,,,3540,-9.9,,,,-16.1,,,,-18.4
,,,,3540,-9.88,,,,-16.2,,,,-18.4
,,,,3550,-9.75,,,,-16.2,,,,-18.6
,,,,3550,-9.55,,,,-16.3,,,,-18.7
,,,,3560,-9.75,,,,-16.4,,,,-18.3
,,,,3560,-9.48,,,,-15.8,,,,-18.2
,,,,3570,-9.53,,,,-15.9,,,,-18.2
,,,,3570,-9.48,,,,-15.8,,,,-18.2
,,,,3580,-9.53,,,,-15.8,,,,-18.3
,,,,3580,-9.5,,,,-15.9,,,,-18.3
,,,,3590,-9.38,,,,-15.9,,,,-18.3
,,,,3590,-9.23,,,,-15.8,,,,-18.3
,,,,3600,-9.2,,,,-16,,,,-18.5
,,,,3600,-9.3,,,,-16.1,,,,-18.2
,,,,3610,-9.18,,,,-15.7,,,,-18.1
,,,,3610,-9.01,,,,-15.4,,,,-18.1
,,,,3620,-9.08,,,,-15.5,,,,-18.1
,,,,3620,-9.13,,,,-15.5,,,,-18.1
,,,,3630,-9.06,,,,-15.5,,,,-18.1
,,,,3630,-8.96,,,,-15.5,,,,-18.1
,,,,3640,-8.96,,,,-15.5,,,,-18.3
,,,,3640,-8.96,,,,-15.7,,,,-18.5
,,,,3650,-8.96,,,,-15.8,,,,-18.2
,,,,3650,-8.88,,,,-15.5,,,,-18
,,,,3660,-8.91,,,,-15.3,,,,-18
,,,,3660,-8.83,,,,-15.3,,,,-18
,,,,3670,-8.81,,,,-15.3,,,,-18
,,,,3670,-8.81,,,,-15.3,,,,-18
,,,,3680,-8.68,,,,-15.3,,,,-18
,,,,3680,-8.71,,,,-15.3,,,,-18.1
,,,,3690,-8.68,,,,-15.4,,,,-18.3
,,,,3690,-8.66,,,,-15.6,,,,-18.1
,,,,3700,-8.56,,,,-15.3,,,,-18
,,,,3700,-8.56,,,,-15.1,,,,-17.9
,,,,3710,-8.48,,,,-15.1,,,,-18
,,,,3710,-8.58,,,,-15.1,,,,-18
,,,,3720,-8.48,,,,-15.1,,,,-18
,,,,3720,-8.41,,,,-15.1,,,,-18
,,,,3730,-8.43,,,,-15.2,,,,-18
,,,,3730,-8.46,,,,-15.2,,,,-18.1
,,,,3740,-8.06,,,,-15.1,,,,-18.3
,,,,3740,-8.51,,,,-15.5,,,,-18.1
,,,,3750,-8.51,,,,-15.2,,,,-17.9
,,,,3750,-8.38,,,,-14.9,,,,-17.9
,,,,3760,-8.41,,,,-14.9,,,,-17.9
,,,,3760,-8.36,,,,-15,,,,-17.9
,,,,3770,-8.34,,,,-15,,,,-17.9
,,,,3770,-8.29,,,,-15,,,,-17.9
,,,,3780,-8.11,,,,-14.9,,,,-18
,,,,3780,-8.24,,,,-15.1,,,,-18.2
,,,,3790,-8.24,,,,-15.3,,,,-18.2
,,,,3790,-8.26,,,,-15.3,,,,-17.9
,,,,3800,-8.21,,,,-15,,,,-17.8
,,,,3800,-8.19,,,,-14.8,,,,-17.8
,,,,3810,-8.16,,,,-14.8,,,,-17.9
,,,,3810,-8.09,,,,-14.8,,,,-17.9
,,,,3820,-8.14,,,,-14.8,,,,-17.8
,,,,3820,-8.09,,,,-14.8,,,,-17.9
,,,,3830,-8.11,,,,-14.9,,,,-18.1
,,,,3830,-8.14,,,,-15.2,,,,-18.2
,,,,3840,-7.99,,,,-15.1,,,,-18
,,,,3840,-7.96,,,,-14.9,,,,-17.8
,,,,3850,-7.99,,,,-14.7,,,,-17.8
,,,,3850,-8.04,,,,-14.7,,,,-17.8
,,,,3860,-8.01,,,,-14.7,,,,-17.7
,,,,3860,-8.06,,,,-14.8,,,,-17.9
,,,,3870,-8.01,,,,-14.8,,,,-17.9
,,,,3870,-7.86,,,,-14.7,,,,-17.9
,,,,3880,-7.86,,,,-15.1,,,,-18.1
,,,,3880,-7.91,,,,-14.8,,,,-18.1
,,,,3890,-7.94,,,,-14.7,,,,-17.8
,,,,3890,-7.91,,,,-14.5,,,,-17.7
,,,,3900,-7.91,,,,-14.6,,,,-17.8
,,,,3900,-7.96,,,,-14.7,,,,-17.8
,,,,3910,-7.52,,,,-14.5,,,,-17.8
,,,,3910,-7.86,,,,-14.7,,,,-17.8
,,,,3920,-7.94,,,,-14.8,,,,-17.9
,,,,3920,-7.91,,,,-14.9,,,,-18
,,,,3930,-7.89,,,,-15,,,,-18.1
,,,,3930,-7.86,,,,-14.6,,,,-17.9
,,,,3940,-7.81,,,,-14.5,,,,-17.8
,,,,3940,-7.81,,,,-14.5,,,,-17.7
,,,,3950,-7.61,,,,-14.4,,,,-17.7
,,,,3950,-7.74,,,,-14.5,,,,-17.8
,,,,3960,-7.76,,,,-14.6,,,,-17.8
,,,,3960,-7.74,,,,-14.6,,,,-17.8
,,,,3970,-7.79,,,,-14.7,,,,-17.9
,,,,3970,-7.71,,,,-14.9,,,,-18.1
,,,,3980,-7.84,,,,-14.8,,,,-18.1
,,,,3980,-7.69,,,,-14.5,,,,-17.8
,,,,3990,-7.66,,,,-14.4,,,,-17.7
,,,,3990,-7.64,,,,-14.4,,,,-17.7
,,,,4000,-7.61,,,,-14.5,,,,-17.7
,,,,4000,-7.59,,,,-14.5,,,,-17.8
,,,,4010,-7.61,,,,-14.6,,,,-17.8
,,,,4010,-7.86,,,,-14.8,,,,-17.9
,,,,4020,-7.69,,,,-14.8,,,,-17.9
,,,,4020,-7.54,,,,-14.8,,,,-18.1
,,,,4030,-7.42,,,,-14.4,,,,-17.9
,,,,4030,-7.52,,,,-14.3,,,,-17.8
,,,,4040,-7.54,,,,-14.4,,,,-17.7
,,,,4040,-7.64,,,,-14.5,,,,-17.7
,,,,4050,-7.64,,,,-14.4,,,,-17.7
,,,,4050,-7.64,,,,-14.5,,,,-17.8
,,,,4060,-7.57,,,,-14.5,,,,-17.8
,,,,4060,-7.59,,,,-14.6,,,,-17.8
,,,,4070,-7.64,,,,-14.8,,,,-18
,,,,4070,-7.57,,,,-14.8,,,,-18.2
,,,,4080,-7.54,,,,-14.5,,,,-17.9
,,,,4080,-7.54,,,,-14.3,,,,-17.8
,,,,4090,-7.66,,,,-14.5,,,,-17.7
,,,,4090,-7.34,,,,-14.2,,,,-17.7
,,,,4100,-7.34,,,,-14.3,,,,-17.8
,,,,4100,-7.44,,,,-14.4,,,,-17.8
,,,,4110,-7.52,,,,-14.5,,,,-17.8
,,,,4110,-7.54,,,,-14.5,,,,-17.8
,,,,4120,-7.54,,,,-14.6,,,,-17.9
,,,,4120,-7.47,,,,-14.7,,,,-18
,,,,4130,-7.52,,,,-14.7,,,,-18.1
,,,,4130,-7.44,,,,-14.4,,,,-17.9
,,,,4140,-7.47,,,,-14.2,,,,-17.7
,,,,4140,-7.42,,,,-14.2,,,,-17.6
,,,,4150,-7.34,,,,-14.2,,,,-17.6
,,,,4150,-7.32,,,,-14.3,,,,-17.7
,,,,4160,-7.39,,,,-14.3,,,,-17.7
,,,,4160,-7.37,,,,-14.4,,,,-17.8
,,,,4170,-7.39,,,,-14.4,,,,-17.7
,,,,4170,-7.37,,,,-14.5,,,,-17.8
,,,,4180,-7.34,,,,-14.6,,,,-18
,,,,4180,-7.42,,,,-14.4,,,,-18
,,,,4190,-7.37,,,,-14.3,,,,-17.7
,,,,4190,-7.34,,,,-14.1,,,,-17.6
,,,,4200,-7.29,,,,-14.1,,,,-17.6
,,,,4200,-7.34,,,,-14.2,,,,-17.6
,,,,4210,-7.34,,,,-14.2,,,,-17.6
,,,,4210,-7.27,,,,-14.2,,,,-17.6
,,,,4220,-7.22,,,,-14.2,,,,-17.6
,,,,4220,-7.19,,,,-14.4,,,,-17.8
,,,,4230,-7.24,,,,-14.7,,,,-18.3
,,,,4230,-7.59,,,,-15,,,,-18.6
,,,,4240,-7.84,,,,-14.8,,,,-18.3
,,,,4240,-7.76,,,,-14.6,,,,-18.1
,,,,4250,-7.74,,,,-14.6,,,,-18.1
,,,,4250,-7.74,,,,-14.6,,,,-18.1
,,,,4260,-7.74,,,,-14.6,,,,-18.1
,,,,4260,-7.71,,,,-14.6,,,,-18.1
,,,,4270,-7.69,,,,-14.6,,,,-18.1
,,,,4270,-7.64,,,,-14.7,,,,-18.1
,,,,4280,-7.61,,,,-14.9,,,,-18.4
,,,,4280,-7.57,,,,-14.8,,,,-18.4
,,,,4290,-7.57,,,,-14.6,,,,-18.2
,,,,4290,-7.59,,,,-14.5,,,,-18.1
,,,,4300,-7.57,,,,-14.5,,,,-18.1
,,,,4300,-7.52,,,,-14.4,,,,-18
,,,,4310,-7.42,,,,-14.4,,,,-18
,,,,4310,-7.39,,,,-14.4,,,,-18
,,,,4320,-7.47,,,,-14.4,,,,-18
,,,,4320,-7.49,,,,-14.6,,,,-18
,,,,4330,-7.52,,,,-14.8,,,,-18.3
,,,,4330,-7.57,,,,-14.8,,,,-18.3
,,,,4340,-7.44,,,,-14.5,,,,-18.2
,,,,4340,-7.37,,,,-14.3,,,,-18
,,,,4350,-7.39,,,,-14.3,,,,-17.9
,,,,4350,-7.34,,,,-14.3,,,,-17.9
,,,,4360,-7.27,,,,-14.3,,,,-18
,,,,4360,-7.39,,,,-14.4,,,,-17.9
,,,,4370,-7.44,,,,-14.4,,,,-17.9
,,,,4370,-7.89,,,,-14.6,,,,-17.9
,,,,4380,-7.42,,,,-14.4,,,,-17.9
,,,,4380,-7.27,,,,-14.6,,,,-18.1
,,,,4390,-7.34,,,,-14.6,,,,-18.2
,,,,4390,-7.37,,,,-14.3,,,,-17.9
,,,,4400,-7.34,,,,-14.2,,,,-17.8
,,,,4400,-7.34,,,,-14.2,,,,-17.7
,,,,4410,-7.29,,,,-14.2,,,,-17.7
,,,,4410,-7.29,,,,-14.2,,,,-17.7
,,,,4420,-7.27,,,,-14.4,,,,-17.9
,,,,4420,-8.14,,,,-16.8,,,,-18.8
,,,,4430,-16.5,,,,-21.4,,,,-19.1
,,,,4430,-21,,,,-23,,,,-19.4
,,,,4440,-22.9,,,,-23.7,,,,-19.6
,,,,4440,-23.8,,,,-24.1,,,,-19.5
,,,,4450,-24.1,,,,-24.2,,,,-19.5
,,,,4450,-24.4,,,,-24.3,,,,-19.6
,,,,4460,-24.6,,,,-24.4,,,,-19.7
,,,,4460,-24.6,,,,-24.4,,,,-19.6
,,,,4470,-24.7,,,,-24.3,,,,-19.5
,,,,4470,-24.8,,,,-24.4,,,,-19.5
,,,,4480,-24.8,,,,-24.4,,,,-19.6
,,,,4480,-24.9,,,,-24.5,,,,-19.5
,,,,4490,-24.9,,,,-24.4,,,,-19.5
,,,,4490,-24.9,,,,-24.5,,,,-19.7
,,,,4500,-25,,,,-24.5,,,,-19.6
,,,,4500,-24.8,,,,-24.4,,,,-19.4
,,,,4510,-24.7,,,,-24.3,,,,-19.4
,,,,4510,-24.9,,,,-24.5,,,,-19.6
,,,,4520,-24.9,,,,-24.4,,,,-19.4
,,,,4520,-24.8,,,,-24.3,,,,-19.3
,,,,4530,-24.8,,,,-24.3,,,,-19.5
,,,,4530,-24.8,,,,-24.4,,,,-19.4
,,,,4540,-24.7,,,,-24.2,,,,-19.3
,,,,4540,-24.7,,,,-24.2,,,,-19.4
,,,,4550,-24.7,,,,-24.4,,,,-19.5
,,,,4550,-24.8,,,,-24.3,,,,-19.3
,,,,4560,-24.7,,,,-24.1,,,,-19.2
,,,,4560,-24.6,,,,-24.3,,,,-19.4
,,,,4570,-24.8,,,,-24.4,,,,-19.5
,,,,4570,-24.7,,,,-24.2,,,,-19.3
,,,,4580,-24.6,,,,-24.1,,,,-19.2
,,,,4580,-24.6,,,,-24.2,,,,-19.3
,,,,4590,-24.7,,,,-24.3,,,,-19.5
,,,,4590,-24.7,,,,-24.2,,,,-19.3
,,,,4600,-24.6,,,,-24.1,,,,-19.2
,,,,4600,-24.6,,,,-24.2,,,,-19.3
,,,,4610,-24.7,,,,-24.3,,,,-19.4
,,,,4610,-24.7,,,,-24.2,,,,-19.3
,,,,4620,-24.7,,,,-24.5,,,,-19.6
,,,,4620,-23.9,,,,-23.3,,,,-18.4
,,,,4630,-23.8,,,,-23.3,,,,-18.4
,,,,4630,-23.7,,,,-23.2,,,,-18.3
,,,,4640,-23.7,,,,-23.1,,,,-18.2
,,,,4640,-23.5,,,,-23,,,,-18.1
,,,,4650,-23.4,,,,-22.9,,,,-17.9
,,,,4650,-23.3,,,,-22.8,,,,-17.9
,,,,4660,-23.3,,,,-22.7,,,,-17.8
,,,,4660,-23.2,,,,-22.7,,,,-17.7
,,,,4670,-23.2,,,,-22.6,,,,-17.7
,,,,4670,-23.1,,,,-22.6,,,,-17.7
,,,,4680,-23.1,,,,-22.5,,,,-17.6
,,,,4680,-23,,,,-22.4,,,,-17.5
,,,,4690,-22.9,,,,-22.4,,,,-17.5
,,,,4690,-22.8,,,,-22.3,,,,-17.4
,,,,4700,-22.8,,,,-22.3,,,,-17.4
,,,,4700,-22.7,,,,-22.2,,,,-17.3
,,,,4710,-22.8,,,,-22.2,,,,-17.3
,,,,4710,-22.7,,,,-22.2,,,,-17.3
,,,,4720,-22.7,,,,-22.2,,,,-17.2
,,,,4720,-22.6,,,,-22.2,,,,-17.3
,,,,4730,-22.6,,,,-22.3,,,,-17.4
,,,,4730,-22.7,,,,-22.3,,,,-17.4
,,,,4740,-22.8,,,,-22.4,,,,-17.4
,,,,4740,-22.8,,,,-22.4,,,,-17.4
,,,,4750,-23.1,,,,-23,,,,-18.1
,,,,4750,-23.3,,,,-22.9,,,,-18
,,,,4760,-23.3,,,,-23,,,,-18.1
,,,,4760,-23.8,,,,-23.5,,,,-18.6
,,,,4770,-23.9,,,,-23.4,,,,-18.5
,,,,4770,-23.9,,,,-23.4,,,,-18.5
,,,,4780,-23.9,,,,-23.6,,,,-18.7
,,,,4780,-24,,,,-23.5,,,,-18.6
,,,,4790,-23.9,,,,-23.5,,,,-18.5
,,,,4790,-23.8,,,,-23.4,,,,-18.5
,,,,4800,-23.9,,,,-23.5,,,,-18.6
,,,,4800,-24,,,,-23.6,,,,-18.7
,,,,4810,-24,,,,-23.6,,,,-18.6
,,,,4810,-23.9,,,,-23.5,,,,-18.6
,,,,4820,-23.9,,,,-23.5,,,,-18.5
,,,,4820,-23.9,,,,-23.4,,,,-18.5
,,,,4830,-23.8,,,,-23.5,,,,-18.6
,,,,4830,-24,,,,-23.7,,,,-18.8
,,,,4840,-24,,,,-23.5,,,,-18.6
,,,,4840,-23.9,,,,-23.5,,,,-18.6
,,,,4850,-23.9,,,,-23.5,,,,-18.5
,,,,4850,-23.8,,,,-23.5,,,,-18.5
,,,,4860,-23.8,,,,-23.6,,,,-18.6
,,,,4860,-24,,,,-23.7,,,,-18.8
,,,,4870,-24,,,,-23.7,,,,-18.7
,,,,4870,-23.9,,,,-23.6,,,,-18.6
,,,,4880,-23.9,,,,-23.6,,,,-18.6
,,,,4880,-23.9,,,,-23.6,,,,-18.6
,,,,4890,-24,,,,-23.7,,,,-18.7
,,,,4890,-24.1,,,,-23.8,,,,-18.8
,,,,4900,-24.1,,,,-23.7,,,,-18.7
,,,,4900,-24,,,,-23.6,,,,-18.6
,,,,4910,-24,,,,-23.5,,,,-18.6
,,,,4910,-24,,,,-23.6,,,,-18.6
,,,,4920,-24,,,,-23.5,,,,-18.6
,,,,4920,-23.9,,,,-23.6,,,,-18.7
,,,,4930,-24,,,,-23.7,,,,-18.7
,,,,4930,-24,,,,-23.6,,,,-18.6
,,,,4940,-24,,,,-23.5,,,,-18.6
,,,,4940,-24,,,,-23.5,,,,-18.6
,,,,4950,-24,,,,-23.5,,,,-18.6
,,,,4950,-23.9,,,,-23.5,,,,-18.6
,,,,4960,-24,,,,-23.5,,,,-18.6
,,,,4960,-24,,,,-23.7,,,,-18.7
,,,,4970,-24.1,,,,-23.6,,,,-18.6
,,,,4970,-24,,,,-23.5,,,,-18.6
,,,,4980,-24,,,,-23.5,,,,-18.6
,,,,4980,-24,,,,-23.5,,,,-18.6
,,,,4990,-24,,,,-23.5,,,,-18.5
,,,,4990,-23.9,,,,-23.5,,,,-18.5
,,,,5000,-23.9,,,,-23.5,,,,-18.5
,,,,5000,-23.9,,,,-23.5,,,,-18.5
,,,,5010,-23.9,,,,-23.5,,,,-18.5
,,,,5010,-24,,,,-23.5,,,,-18.5
,,,,5020,-23.9,,,,-23.5,,,,-18.5
,,,,5020,-24,,,,-23.5,,,,-18.6
,,,,5030,-24,,,,-23.5,,,,-18.6
,,,,5030,-24,,,,-23.5,,,,-18.6
,,,,5040,-24,,,,-23.5,,,,-18.6
,,,,5040,-24.1,,,,-23.6,,,,-18.6
,,,,5050,-24,,,,-23.5,,,,-18.6
,,,,5050,-24,,,,-23.6,,,,-18.7
,,,,5060,-24.1,,,,-23.6,,,,-18.7
,,,,5060,-24.1,,,,-23.7,,,,-18.7
,,,,5070,-24.1,,,,-23.7,,,,-18.7
,,,,5070,-24.2,,,,-23.7,,,,-18.8
,,,,5080,-24.2,,,,-23.7,,,,-18.7
,,,,5080,-24.1,,,,-23.7,,,,-18.7
,,,,5090,-24.1,,,,-23.6,,,,-18.7
,,,,5090,-24.1,,,,-23.6,,,,-18.7
,,,,5100,-24.1,,,,-23.6,,,,-18.7
,,,,5100,-24.1,,,,-23.6,,,,-18.7
,,,,5110,-24.1,,,,-23.6,,,,-18.7
,,,,5110,-24.2,,,,-23.6,,,,-18.7
,,,,5120,-24.1,,,,-23.6,,,,-18.7
,,,,5120,-24.1,,,,-23.6,,,,-18.7
,,,,5130,-24,,,,-23.5,,,,-18.6
,,,,5130,-24.1,,,,-23.5,,,,-18.6
,,,,5140,-24,,,,-23.6,,,,-18.6
,,,,5140,-24.1,,,,-23.6,,,,-18.6
,,,,5150,-24,,,,-23.5,,,,-18.6
,,,,5150,-24,,,,-23.5,,,,-18.6
,,,,5160,-24.1,,,,-23.5,,,,-18.6
,,,,5160,-24,,,,-23.5,,,,-18.6
,,,,5170,-24,,,,-23.5,,,,-18.6
,,,,5170,-24,,,,-23.5,,,,-18.6
,,,,5180,-24,,,,-23.5,,,,-18.6
,,,,5180,-24,,,,-23.5,,,,-18.6
,,,,5190,-24,,,,-23.5,,,,-18.6
,,,,5190,-24,,,,-23.5,,,,-18.6
,,,,5200,-24.1,,,,-23.5,,,,-18.6
,,,,5200,-24,,,,-23.5,,,,-18.6
,,,,5210,-24,,,,-23.5,,,,-18.6
,,,,5210,-24,,,,-23.5,,,,-18.6
,,,,5220,-24,,,,-23.5,,,,-18.6
,,,,5220,-24,,,,-23.5,,,,-18.6
,,,,5230,-24,,,,-23.5,,,,-18.6
,,,,5230,-24,,,,-23.5,,,,-18.6
,,,,5240,-23.9,,,,-23.5,,,,-18.6
,,,,5240,-24,,,,-23.5,,,,-18.6
,,,,5250,-24,,,,-23.5,,,,-18.5
,,,,5250,-24,,,,-23.5,,,,-18.6
,,,,5260,-24,,,,-23.5,,,,-18.6
,,,,5260,-24,,,,-23.5,,,,-18.6
,,,,5270,-24,,,,-23.5,,,,-18.6
,,,,5270,-24.1,,,,-23.5,,,,-18.6
,,,,5280,-24.1,,,,-23.5,,,,-18.6
,,,,5280,-24,,,,-23.5,,,,-18.6
,,,,5290,-24.1,,,,-23.5,,,,-18.6
,,,,5290,-24.1,,,,-23.5,,,,-18.6
,,,,5300,-24.1,,,,-23.5,,,,-18.6
,,,,5300,-24,,,,-23.5,,,,-18.6
,,,,5310,-24.1,,,,-23.5,,,,-18.6
,,,,5310,-24.2,,,,-23.5,,,,-18.6
,,,,5320,-24.2,,,,-23.5,,,,-18.7
,,,,5320,-24.2,,,,-23.6,,,,-18.7
,,,,5330,-24.5,,,,-23.5,,,,-18.7
,,,,5330,-24.1,,,,-23.6,,,,-18.7
,,,,5340,-24.2,,,,-23.6,,,,-18.7
,,,,5340,-24.2,,,,-23.6,,,,-18.7
,,,,5350,-24.2,,,,-23.6,,,,-18.7
,,,,5350,-24.2,,,,-23.6,,,,-18.7
,,,,5360,-24.2,,,,-23.6,,,,-18.8
,,,,5360,-24.4,,,,-23.6,,,,-18.7
,,,,5370,-24.3,,,,-23.7,,,,-18.8
,,,,5370,-24.3,,,,-23.6,,,,-18.7
,,,,5380,-24.2,,,,-23.5,,,,-18.6
,,,,5380,-24.1,,,,-23.4,,,,-18.6
,,,,5390,-24,,,,-23.4,,,,-18.6
,,,,5390,-24.1,,,,-23.4,,,,-18.6
,,,,5400,-24.1,,,,-23.4,,,,-18.6
,,,,5400,-24.1,,,,-23.4,,,,-18.6
,,,,5410,-24.2,,,,-23.5,,,,-18.6
,,,,5410,-24.1,,,,-23.4,,,,-18.6
,,,,5420,-24,,,,-23.5,,,,-18.6
,,,,5420,-24.2,,,,-23.4,,,,-18.6
,,,,5430,-24.1,,,,-23.4,,,,-18.6
,,,,5430,-24.1,,,,-23.4,,,,-18.6
,,,,5440,-24.1,,,,-23.5,,,,-18.6
,,,,5440,-24.2,,,,-23.5,,,,-18.6
,,,,5450,-24.2,,,,-23.5,,,,-18.7
,,,,5450,-24.2,,,,-23.5,,,,-18.7
,,,,5460,-24.2,,,,-23.4,,,,-18.6
,,,,5460,-24.1,,,,-23.5,,,,-18.6
,,,,5470,-24.2,,,,-23.5,,,,-18.7
,,,,5470,-24.2,,,,-23.4,,,,-18.6
,,,,5480,-24.2,,,,-23.4,,,,-18.6
,,,,5480,-24.1,,,,-23.4,,,,-18.6
,,,,5490,-24.1,,,,-23.4,,,,-18.6
,,,,5490,-24.1,,,,-23.4,,,,-18.6
,,,,5500,-24.1,,,,-23.4,,,,-18.6
,,,,5500,-24.1,,,,-23.5,,,,-18.6
,,,,5510,-24.1,,,,-23.5,,,,-18.6
,,,,5510,-24.2,,,,-23.4,,,,-18.6
,,,,5520,-24.1,,,,-23.4,,,,-18.6
,,,,5520,-24.2,,,,-23.5,,,,-18.7
